Category,Subcategory,Count,Description,Details
Overall Classification,Genre,1,Landscape painting,"Classical 19th-century English landscape, likely Romantic period"
Overall Classification,Style,1,Naturalistic/Romantic,"Realistic depiction with romantic atmospheric qualities"
Overall Classification,Setting,1,Rural countryside,"English countryside with river, cottages, and fields"

Color Palette,Dominant Colors,5,"Greens, blues, earth tones, whites, grays","Rich natural palette with dramatic sky"
Color Palette,Green Tones,Multiple,Tree foliage and grass,"Deep forest greens, olive greens, yellow-greens in sunlit areas"
Color Palette,Blue Tones,Multiple,Sky and water,"Bright cerulean blue in sky breaks, muted blue-grays in clouds"
Color Palette,Earth Tones,Multiple,Buildings and ground,"Rusty reds, browns, ochres in cottage roofs and earth"
Color Palette,White/Gray,Multiple,Clouds,"Dramatic white and gray cumulus clouds dominating upper canvas"
Color Palette,Overall Brightness,1,Moderate with contrasts,"Mix of shadowed areas and bright sunlit patches"
Color Palette,Saturation,1,Moderately saturated,"Natural, not overly vivid - realistic color rendering"
Color Palette,Temperature,1,Balanced,"Mix of warm earth tones and cool sky blues"

Atmospheric Qualities,Sky,1,Dramatic and changeable,"Large billowing clouds suggesting recent or approaching weather"
Atmospheric Qualities,Lighting,1,Natural daylight,"Diffused sunlight breaking through clouds, creating dappled light"
Atmospheric Qualities,Weather,1,Partly cloudy,"Suggests changeable weather, possible recent rain"
Atmospheric Qualities,Time of Day,1,Midday to afternoon,"Strong overhead light with some cloud shadow"
Atmospheric Qualities,Season,1,Summer,"Lush green foliage, full trees, suggesting warm season"

Mood & Emotion,Overall Mood,1,Peaceful and pastoral,"Tranquil rural scene, harmonious relationship with nature"
Mood & Emotion,Atmosphere,1,Serene with slight drama,"Calm activity below dramatic sky creates tension and beauty"
Mood & Emotion,Emotional Tone,1,Nostalgic and contemplative,"Romantic idealization of rural life, timeless quality"
Mood & Emotion,Energy Level,1,Calm with gentle activity,"Slow-paced rural work, unhurried movement"
Mood & Emotion,Feeling Conveyed,1,Harmony with nature,"Humans and animals working peacefully in natural setting"

People & Subjects,Human Figures,4-5,"People engaged in rural activities","Multiple figures visible throughout the scene"
People & Subjects,Main Figure,1,Person with horses in water,"Central figure attending to horse-drawn cart in river"
People & Subjects,Additional Figures,2-3,"People near cottage and in background","Small figures near buildings and in middle distance"
People & Subjects,Figure Activity,Multiple,Rural work,"Tending to horses, cart transportation, daily farm activities"
People & Subjects,Figure Scale,1,Small in landscape,"Figures subordinate to landscape, emphasizing scale of nature"
People & Subjects,Clothing,1,Period rural attire,"19th-century working clothes, appears to be white/light colored on main figure"

Animals,Horses,2-3,"Draft horses pulling cart","Dark-colored horses in water, working animals"
Animals,Dog,1,Small dog near water's edge,"Visible in lower left area near the water"
Animals,Animal Activity,1,Working/wading,"Horses crossing through shallow water with cart"

Objects & Elements,Cart/Wagon,1,Horse-drawn farm cart,"Wooden cart with large wheel visible, being pulled through water"
Objects & Elements,Wheel,1,Large wooden cart wheel,"Prominent wooden spoked wheel partially in water"
Objects & Elements,Buildings,2-3,"Cottage/farmhouse complex","Red-roofed cottage with chimney on left, possibly mill building"
Objects & Elements,Architecture Style,1,Rural English cottage,"Traditional construction with brick/stone, tiled roofs"

Natural Elements,Trees,10+,"Large mature deciduous trees","Prominent trees throughout, particularly left side and background"
Objects & Elements,Tree Types,1,Deciduous hardwoods,"Appear to be oak or elm, full summer foliage"
Natural Elements,Water Body,1,River or stream,"Shallow river/ford crossing, clear water with reflections"
Natural Elements,Water Characteristics,1,Calm and shallow,"Still water with gentle flow, shallow enough for cart crossing"
Natural Elements,Vegetation,Multiple,"Grass, wildflowers, reeds","Lush vegetation on banks, flowering plants visible"
Natural Elements,Fields,1,Open meadowland,"Expansive fields in middle and background"

Composition,Focal Point,1,Cart crossing water,"Central placement of horse-drawn cart in river"
Composition,Perspective,1,Horizontal landscape,"Wide view emphasizing breadth of landscape"
Composition,Foreground,1,Water's edge and near bank,"Detailed rendering of immediate shoreline"
Composition,Middle Ground,1,Cart and cottage,"Main activity and buildings"
Composition,Background,1,Distant fields and trees,"Atmospheric perspective creating depth"
Composition,Sky Proportion,1,Approximately 60% of canvas,"Dramatic sky dominates upper portion"
Composition,Horizon Line,1,Lower third,"Positioned to emphasize sky and clouds"

Movement & Activity,Water Movement,1,Gentle flow,"Cart creating ripples, otherwise still water"
Movement & Activity,Human Activity,1,Purposeful work,"Figures engaged in daily tasks, crossing ford"
Movement & Activity,Cloud Movement,1,Implied motion,"Billowing clouds suggest wind and atmospheric movement"
Movement & Activity,Overall Pace,1,Slow and steady,"Unhurried rural rhythm, timeless quality"

Technical Elements,Brushwork,1,Varied and expressive,"Loose in sky, detailed in foreground"
Technical Elements,Detail Level,1,High in foreground,"Decreases with distance, atmospheric perspective"
Technical Elements,Light Effects,1,Chiaroscuro,"Strong contrast between lit and shadowed areas"
Technical Elements,Reflections,1,Water reflections,"Trees and sky reflected in water surface"
Technical Elements,Texture,1,Varied surface quality,"Rough clouds, smooth water, detailed foliage"

Symbolic/Thematic,Theme,1,Rural industry and nature,"Working landscape, harmony of human activity with nature"
Symbolic/Thematic,Era Representation,1,Pre-industrial England,"Traditional agricultural methods, pastoral ideal"
Symbolic/Thematic,Social Commentary,1,Idealized rural life,"Romantic view of countryside, possibly nostalgic"

Objects List (Detailed),Cottage/Building,1,Main structure,"Two-story cottage with red/brown roof, chimney, windows visible"
Objects List (Detailed),Trees - Large,5-7,"Dominant mature trees","Particularly prominent on left side, creating frame"
Objects List (Detailed),Trees - Medium/Small,5-10,"Additional trees","Scattered through middle ground and background"
Objects List (Detailed),Cart Wheel,1,Large wooden wheel,"Traditional spoked wheel, partially submerged"
Objects List (Detailed),Cart Body,1,Flat wagon bed,"Wooden construction for hauling"
Objects List (Detailed),Harness/Tack,1,Horse equipment,"Visible on horses"
Objects List (Detailed),Fence/Barrier,Possible,Near cottage,"May be fencing or garden boundary"
Objects List (Detailed),Clouds,Multiple,Cumulus formations,"Large, billowing white and gray clouds"
Objects List (Detailed),Grass/Meadow,Extensive,Throughout,"Lush grass covering fields and banks"
Objects List (Detailed),Wildflowers,Multiple,In foreground,"Small flowering plants near water's edge"
Objects List (Detailed),Reeds/Water Plants,Multiple,At water's edge,"Vegetation growing in and near water"
Objects List (Detailed),Path/Road,1,Track to water,"Implied path leading to ford crossing"

Artistic Merit,Historical Significance,1,Important work,"Appears to be or similar to John Constable's style, Romantic period masterpiece"
Artistic Merit,Technique,1,Oil painting,"Traditional oil on canvas technique"
Artistic Merit,Skill Level,1,Master level,"Sophisticated handling of light, atmosphere, and composition"
Artistic Merit,Influence,1,English landscape tradition,"Part of great tradition of British landscape painting"

Poetic Associations,Literary Quality,1,Pastoral poetry,"Evokes Wordsworth, rural English literature"
Poetic Associations,Metaphor,1,Transience and permanence,"Passing clouds and weather vs. enduring landscape"
Poetic Associations,Themes,Multiple,"Journey, labor, nature's beauty, rural life"
Poetic Associations,Sensory Evocation,Multiple,"Cool water, warm sun, fresh air, rustling leaves"

Summary Statistics,Total People,4-5,"Human figures visible","Engaged in rural activities"
Summary Statistics,Total Animals,3-4,"Horses and dog","Working animals and companion"
Summary Statistics,Total Buildings,2-3,"Cottages/farm buildings","Residential and possibly functional structures"
Summary Statistics,Total Trees (Major),10+,"Significant trees","Mature specimens throughout scene"
Summary Statistics,Total Vehicles,1,"Horse-drawn cart","Primary object of action"
Summary Statistics,Color Count (Major),6,"Primary color families","Greens, blues, browns, whites, grays, earthy reds"